IMINE2-E-001,0.333333333,cvs CVS pharmacy locations,cv store,cv near me,,,,,,,,,,,,,,
IMINE2-E-001,0.266666667,cvs CVS pharmacy business units,cv pharmaci,cv caremark,,,,,,,,,,,,,,
IMINE2-E-001,0.133333333,cvs CVS pharmacy advertisement,cv weekli circular,cv coupon,,,,,,,,,,,,,,
IMINE2-E-001,0.133333333,cvs CVS pharmacy stock,cv stock,,,,,,,,,,,,,,,
IMINE2-E-001,0.066666667,cvs CVS pharmacy logo,cv photo,,,,,,,,,,,,,,,
IMINE2-E-001,0.066666667,cvs CVS pharmacy employment,cv learnet,cv career,,,,,,,,,,,,,,
IMINE2-E-002,0.357142857,Bumblebee animals,where do bumblebe live,stripe bumblebe shrimp,carpent bee,bumblebeewolf,bumblebe sting,bumblebe poison frog or yellow-band poison dart frog,bumblebe nest,bumblebe insect,bumblebe hummingbird,bumblebe catfish,bumblebe bat or kitti's hog-nose bat,bumblebe bat,bumbl bee clip art,bumbl bee cake,,
IMINE2-E-002,0.285714286,bumblebee transformer,bumblebe transform,bumblebe pictur,bumblebe camaro,,,,,,,,,,,,,
IMINE2-E-002,0.214285714,bumblebee tuna,bumblebe tuna,,,,,,,,,,,,,,,
IMINE2-E-002,0.071428571,Bumblebee army,oper teardrop,drozd bb rifl or,bumblebe bumbar,bumblebe beriev a-50,beriev a-50,,,,,,,,,,,
IMINE2-E-002,0.071428571,Bumblebee other language,hummel intern,bumblebe humlebien,,,,,,,,,,,,,,
IMINE2-E-003,0.384615385,Tony Allen basic information,toni allen twitter,toni allen net worth,,,,,,,,,,,,,,
IMINE2-E-003,0.307692308,Tony Allen basketball player,toni allen's mother ella allen,toni allen wed,toni allen memphi grizzli,toni allen memphi,toni allen gang,toni allen espn,toni allen defens,toni allen death threat,toni allen chicago shoot,toni allen basketbal,,,,,,
IMINE2-E-003,0.307692308,Tony Allen musician,toni allen savannah ga,toni allen musician,,,,,,,,,,,,,,
IMINE2-E-004,0.357142857,wallpaper house,wallpap steamer,wallpap calcul,,,,,,,,,,,,,,
IMINE2-E-004,0.285714286,wallpaper computer,wallpap hd,wallpap maker,wallpap effect,wallpap desktop,wallpap abyss,mobil wallpap,hd wallpap,free wallpap download,free wallpap,free pictur background wallpap,free desktop wallpap,desktop wallpap,comput wallpap,anim wallpap,anim desktop wallpap,3d desktop wallpap
IMINE2-E-004,0.214285714,wallpaper wallpaper magazine,wallpap magazin,,,,,,,,,,,,,,,
IMINE2-E-004,0.142857143,wallpaper designs,wallpap group,wallpap border,cool wallpap,,,,,,,,,,,,,
IMINE2-E-005,0.5,Opera browser,safari,opera window 7 32 bit,opera download for window 7,opera download & instal latest version free,opera download,opera chrome,opera browser,opera 12.16 32 bit,latest opera for window 7,instal opera for window 7,firefox,download opera mini for laptop window 7,chrome,,,
IMINE2-E-005,0.2,Opera album,opera tosca album,,,,,,,,,,,,,,,
IMINE2-E-005,0.2,Opera opera comique,op???ra-comiqu,,,,,,,,,,,,,,,
IMINE2-E-005,0.1,Opera OPERA experiment,opera experi,,,,,,,,,,,,,,,
IMINE2-E-006,0.416666667,ginger benefits,what is ginger root good for,ginger side effect blood pressur,ginger benefit,benefit of drink ginger tea,,,,,,,,,,,,
IMINE2-E-006,0.25,ginger food stuff,ginger tea,,,,,,,,,,,,,,,
IMINE2-E-006,0.166666667,ginger grammar checker,ginger grammar checker,,,,,,,,,,,,,,,
IMINE2-E-006,0.083333333,ginger cultivation,how to grow ginger root,,,,,,,,,,,,,,,
IMINE2-E-006,0.083333333,ginger red hair,in britain,ginger joke,,,,,,,,,,,,,,
IMINE2-E-007,0.3125,spirit airline,usair,spirit usair,spirit avianca,spirit airlin promo code 2015,spirit airlin offici site,spirit airlin flight statu,spirit airlin,southwest,kayak,avianca,airtran,,,,,
IMINE2-E-007,0.25,spirit spirituality,spiritu,spirit scienc,pneumatolog,enthusiasm,,,,,,,,,,,,
IMINE2-E-007,0.125,spirit Christianity,spiritu warfar,spirit daili,,,,,,,,,,,,,,
IMINE2-E-007,0.125,spirit spirit halloween,spirit halloween,,,,,,,,,,,,,,,
IMINE2-E-007,0.0625,spirit the Spirit film,the spirit film,,,,,,,,,,,,,,,
IMINE2-E-007,0.0625,spirit alcoholic beverage,alcohol spirit,,,,,,,,,,,,,,,
IMINE2-E-007,0.0625,spirit music,spirit in the sky,,,,,,,,,,,,,,,
IMINE2-E-008,0.3125,Pluto NASA,new horizon spacecraft,nasa probe pluto,,,,,,,,,,,,,,
IMINE2-E-008,0.3125,Pluto planet,pluto reinstat as a planet,pluto neptun,pluto astrolog,pluto a planet again,neptun,,,,,,,,,,,
IMINE2-E-008,0.3125,Pluto picture,pluto pictur nasa,pluto new horizon,nasa latest photo of pluto,latest pictur of pluto,latest imag of pluto 2015,,,,,,,,,,,
IMINE2-E-008,0.0625,pluto disney character,pluto disnei,,,,,,,,,,,,,,,
IMINE2-E-009,0.357142857,full house series,full hous youtub,full hous movi,full hous full episod,full hous episod,full hous 2009 tv seri,full hous 2004 tv seri,full hous 1987 tv seri,,,,,,,,,
IMINE2-E-009,0.285714286,full house cast,lori loughlin,full hous cast now,full hous cast,full hous actor di,andrea barber,,,,,,,,,,,
IMINE2-E-009,0.214285714,full house 2015,fuller hous full episod,full hous reunion,full hous reboot,full hous 2015,,,,,,,,,,,,
IMINE2-E-009,0.142857143,full house Korean drama,super junior full hous,,,,,,,,,,,,,,,
IMINE2-E-010,0.3125,JFK JFK airport,john f. kennedi memori airport,jfk park,jfk express,jfk arriv,jfk airport new york,jfk airport,,,,,,,,,,
IMINE2-E-010,0.25,JFK assassination,who kill jfk,jfk fact,jfk conspiraci theori,jfk coffin open,jfk autopsi photo,jfk assassin,evid cia kill jfk,,,,,,,,,
IMINE2-E-010,0.1875,JFK film,jfk movi,,,,,,,,,,,,,,,
IMINE2-E-010,0.125,JFK facility,jfk univers,jfk librari,,,,,,,,,,,,,,
IMINE2-E-010,0.125,JFK Kennedy family,jfk jr,arabella kennedi,,,,,,,,,,,,,,
IMINE2-E-011,0.416666667,persona mozilla firefox,persona for firefox,firefox persona,,,,,,,,,,,,,,
IMINE2-E-011,0.333333333,persona video game,persona video game,persona game,persona 5,persona 4,persona 3 fe,persona 3,,,,,,,,,,
IMINE2-E-011,0.166666667,persona examples,exampl of persona,,,,,,,,,,,,,,,
IMINE2-E-011,0.083333333,persona music,persona queen latifah album,a la primera persona,,,,,,,,,,,,,,
IMINE2-E-012,0.227272727,Virginia university,virginia tech,univers of virginiavirginia cavali,,,,,,,,,,,,,,
IMINE2-E-012,0.227272727,Virginia geography,west virginia,north carolina,,,,,,,,,,,,,,
IMINE2-E-012,0.181818182,Virginia map,virginia road map,map of virginia with citi,,,,,,,,,,,,,,
IMINE2-E-012,0.136363636,Virginia tourism,virginia tourism,virginia attract,,,,,,,,,,,,,,
IMINE2-E-012,0.136363636,Virginia Virginia Beach,virginia beach weather,virginia beach,,,,,,,,,,,,,,
IMINE2-E-012,0.045454545,Virginia lottery,virginia lotteri,,,,,,,,,,,,,,,
IMINE2-E-012,0.045454545,Virginia administration,virginia dmv,,,,,,,,,,,,,,,
IMINE2-E-013,0.5,steam PC game distributor,valv shop,steam uplai,steam player stat,steam minecraft,steam market,steam machin,steam game,steam download,steam control,steam commun,portal 2 merchandis,minecraft,close steam befor continu,,,
IMINE2-E-013,0.25,steam digital distributions,uplai,steam gog,humbl bundl,green man game,gog,,,,,,,,,,,
IMINE2-E-013,0.125,steam engine,steam engin,,,,,,,,,,,,,,,
IMINE2-E-013,0.125,steam steam cleaner,steam cleaner,,,,,,,,,,,,,,,
IMINE2-E-014,0.384615385,Borders designs,in decor art,free printabl border and frame,clip art border free imag,christma border,border for pictur,border clip art,border and line clip art,border design,,,,,,,,
IMINE2-E-014,0.307692308,Borders bookstore,border group,border coupon,border book,barn and nobl,barn & nobl,,,,,,,,,,,
IMINE2-E-014,0.153846154,Borders MSF,doctor without border,,,,,,,,,,,,,,,
IMINE2-E-014,0.076923077,Borders sporting goods sotre,border sport good,,,,,,,,,,,,,,,
IMINE2-E-014,0.076923077,Bordersr cafe,border cafe,,,,,,,,,,,,,,,
IMINE2-E-015,0.333333333,Manchester Manchester United,manchest unit vs chelsea,manchest unit transfer,manchest unit roster,manchest unit f.c.manchest unit video game seri,manchest unit,,,,,,,,,,,
IMINE2-E-015,0.333333333,Manchester university of Manchester,the univers of manchest,manchest school anthropolog,,,,,,,,,,,,,,
IMINE2-E-015,0.333333333,Manchester UK,manchest woodford aerodrom,manchest map,manchest england,manchest citi,manchest airport,greater manchest urban area,citi airport manchest,,,,,,,,,
IMINE2-E-016,0.307692308,PS playstation,psn,ps vita game,ps store,ps psn,playstat 4,playstat,,,,,,,,,,
IMINE2-E-016,0.230769231,PS ps in a letter,what doe ps mean in a letter,ps in email,postscript/post scriptum,,,,,,,,,,,,,
IMINE2-E-016,0.230769231,PS Adobe Photoshop,ps download,adob photoshop,,,,,,,,,,,,,,
IMINE2-E-016,0.153846154,PS album,p.s. album,,,,,,,,,,,,,,,
IMINE2-E-016,0.076923077,PS Aeropostale clothing,ps aeropostal,,,,,,,,,,,,,,,
IMINE2-E-017,0.277777778,elegy poems,famou elegi,elegi exampl,,,,,,,,,,,,,,
IMINE2-E-017,0.222222222,elegy movie,elegi penelop cruz,,,,,,,,,,,,,,,
IMINE2-E-017,0.166666667,elegy genre,sonnet,eulogi,ballad,,,,,,,,,,,,,
IMINE2-E-017,0.166666667,elegy definition,elegi literari term,,,,,,,,,,,,,,,
IMINE2-E-017,0.111111111,elegy how to write,how to write an elegi poem,,,,,,,,,,,,,,,
IMINE2-E-017,0.055555556,elegy game,elegi for a dead world,,,,,,,,,,,,,,,
IMINE2-E-018,0.25,Elizabeth Queen Elizabeth II,queen elizabeth ii,elizabeth ii,,,,,,,,,,,,,,
IMINE2-E-018,0.25,Elizabeth movie,elizabeth movi,,,,,,,,,,,,,,,
IMINE2-E-018,0.25,Elizabeth Elizabeth I of England,elizabeth i of england,,,,,,,,,,,,,,,
IMINE2-E-018,0.125,Elizabeth meaning,mean of elizabeth,elizabeth given name,,,,,,,,,,,,,,
IMINE2-E-018,0.0625,Elizabeth Elizabeth Taylor actress,elizabeth taylor,,,,,,,,,,,,,,,
IMINE2-E-018,0.0625,Elizabeth Olsen actress,elizabeth olsen,,,,,,,,,,,,,,,
IMINE2-E-019,0.416666667,Yosemite general information,yosemit webcam,yosemit vallei,yosemit nation park,yosemit mountain sugar pine railroad,yosemit map,yosemit lake,yosemit half dome,yosemit fall,yosemit death 2015,,,,,,,
IMINE2-E-019,0.333333333,Yosemite OS,yosemit os,yosemit appl,el capitan yosemit,,,,,,,,,,,,,
IMINE2-E-019,0.25,Yosemite stay,yosemit lodg,yosemit hotel,yosemit campground,yosemit cabin for rent,yosemit cabin,,,,,,,,,,,
IMINE2-E-020,0.294117647,Williams tennis college,william tenni camp,amherst tenni,,,,,,,,,,,,,,
IMINE2-E-020,0.235294118,Williams tennis Venus williams,venu william tenni player,venu william tenni,doe venu william still plai tenni,,,,,,,,,,,,,
IMINE2-E-020,0.235294118,Williams tennis general,william tenni women&#39,william tenni sister,william tenni recruit,william tenni player,william tenni match todai,william tenni match,,,,,,,,,,
IMINE2-E-020,0.235294118,Williams tennis Serena Williams,serena william tenni,s william tenni,,,,,,,,,,,,,,
IMINE2-E-021,0.263157895,nirvana songs,nirvana unplug,nirvana song list,nirvana nevermind,nirvana lyric,nirvana lithium,nirvana come as you ar,nirvana all apolog,best nirvana lyric,all nirvana song,10 best nirvana song,,,,,,
IMINE2-E-021,0.263157895,nirvana albums,nirvana herbi mann and the bill evan trio album,nirvana bucki pizzarelli album,,,,,,,,,,,,,,
IMINE2-E-021,0.210526316,nirvana American band,nirvana histori,kurt cobain,,,,,,,,,,,,,,
IMINE2-E-021,0.157894737,nrivana word,nirvana definit,,,,,,,,,,,,,,,
IMINE2-E-021,0.105263158,nirvana religion,nirvana buddhism,,,,,,,,,,,,,,,
IMINE2-E-022,0.266666667,tomahawk axe,tomahawk ax,tactic tomahawk,nativ american tomahawk,combat tomahawk,,,,,,,,,,,,
IMINE2-E-022,0.266666667,tomahawk military,uss tomahawk ao-88,tomahawk missil,hawk 81a,,,,,,,,,,,,,
IMINE2-E-022,0.133333333,tomahawk places,tomahawk wisconsin,tomahawk wi,tomahawk lake water park nj,tomahawk lake,tomahawk lagoon,ocean grove,lake tomahawk,,,,,,,,,
IMINE2-E-022,0.133333333,tomahawk band,tomahawk band,,,,,,,,,,,,,,,
IMINE2-E-022,0.066666667,tomahawk for sale,tomahawk for sale,,,,,,,,,,,,,,,
IMINE2-E-022,0.066666667,tomahawk sports,toronto tomahawk,tom hawkin footbal,in footbal/soccer,in basketbal,a turn maneuv us in roller skate,,,,,,,,,,,
IMINE2-E-022,0.066666667,tomahawk company,tomahawk shade,,,,,,,,,,,,,,,
IMINE2-E-023,0.266666667,magnus people ,magnu wrestler,magnu tna wrestler,magnu forteman,magnu carlsen,magnu broadhead,magnu bane,,,,,,,,,,
IMINE2-E-023,0.266666667,magnus company,magnussen furnitur,magnu harmonica corpor,,,,,,,,,,,,,,
IMINE2-E-023,0.2,magnus fiction characters,magnu marvel,magnu chase,,,,,,,,,,,,,,
IMINE2-E-023,0.2,magnus word,magnu mean,,,,,,,,,,,,,,,
IMINE2-E-023,0.066666667,magnus physics,magnu effect,,,,,,,,,,,,,,,
IMINE2-E-024,0.384615385,kitkat food,kitkat usa,kit kat nutrit,kit kat cake,kit kat bar,,,,,,,,,,,,
IMINE2-E-024,0.307692308,kitkat android,lollipop vs kitkat,kitkat download,kitkat 4.4.4,kitkat 4.4 download,kitkat 4.4,android kitkat 4.4 problem,android kitkat,android 4.4 kitkat,,,,,,,,
IMINE2-E-024,0.230769231,kitkat website,kitkat.ca,,,,,,,,,,,,,,,
IMINE2-E-024,0.076923077,kitkat phone,kitkat phone,,,,,,,,,,,,,,,
IMINE2-E-026,0.222222222,warner brothers jobs,warner brother job,warner brother career,,,,,,,,,,,,,,
IMINE2-E-026,0.222222222,warner brothers movies,warner brother movi,,,,,,,,,,,,,,,
IMINE2-E-026,0.166666667,warner brothers cartoons,warner brother cartoon,warner brother cartoon,,,,,,,,,,,,,,
IMINE2-E-026,0.166666667,warner brothers music,warner brother record,,,,,,,,,,,,,,,
IMINE2-E-026,0.055555556,warner brothers tour,warner brother tour,,,,,,,,,,,,,,,
IMINE2-E-026,0.055555556,warner brothers television,warner brother televis,,,,,,,,,,,,,,,
IMINE2-E-026,0.055555556,warner brothers studio,warner brother studio,,,,,,,,,,,,,,,
IMINE2-E-026,0.055555556,warner brothers store,warner brother store,,,,,,,,,,,,,,,
IMINE2-E-027,0.714285714,socrates famous philosopher,socrat the younger,socrat quot,socrat philosophi of life,socrat philosophi,socrat' death,socrat death,socrat belief,socrat apolog,plato,aristotl,,,,,,
IMINE2-E-027,0.142857143,socrates people,sokrati papastathopoulo born 1988,sokrati bountouri born 1977,s??crate 1954???011,saukrat born 1978,assassin of sokrati giolia 1973???010logi,pl,,,,,,,,,,
IMINE2-E-027,0.142857143,socrates literature,socrat sit on a cloud and teach the philosophi of creativ and love to parmenid,,,,,,,,,,,,,,,
IMINE2-E-028,0.555555556,Robert Kennedy family,who kill robert kennedi,robert kennedi speech,robert kennedi mlk speech,robert kennedi civil right,robert kennedi biographi,robert kennedi assassin photo,robert kennedi assassin,robert kennedi apush,robert f. kennedi,robert f kennedi autopsi photo,robert f kennedi assassin,kennedi famili,john kennedi,ethel kennedi,,
IMINE2-E-028,0.333333333,Robert Kennedy jr,robert kennedi jr,about robert f kennedi jr,,,,,,,,,,,,,,
IMINE2-E-028,0.111111111,Robert Kennedy politician,robert b. kennedi born 1940,,,,,,,,,,,,,,,
IMINE2-E-029,0.235294118,fossil watches,fossil watch,fossil watch,,,,,,,,,,,,,,
IMINE2-E-029,0.117647059,fossil fuels,fossil fuel,,,,,,,,,,,,,,,
IMINE2-E-029,0.117647059,fossil handbags,fossil handbag fossil outlet store,fossil handbag,,,,,,,,,,,,,,
IMINE2-E-029,0.117647059,fossil outlet,fossil outlet store,,,,,,,,,,,,,,,
IMINE2-E-029,0.117647059,fossil word,fossil definit,,,,,,,,,,,,,,,
IMINE2-E-029,0.117647059,fossil purses,fossil purs,,,,,,,,,,,,,,,
IMINE2-E-029,0.058823529,fossil types,list of fossil type,,,,,,,,,,,,,,,
IMINE2-E-029,0.058823529,fossil place,fossil rim,fossil creek az,fossil corpor headquart,,,,,,,,,,,,,
IMINE2-E-029,0.058823529,fossil phenomenon,interlanguag fossil,,,,,,,,,,,,,,,
IMINE2-E-030,0.294117647,star wars films,the empir strike back,star war the forc awaken,star war holidai special,star war episod iii: reveng of the sith,star war episod ii: attack of the clone,star war episod i: the phantom menac,star war episod 7,star war cast,return of the jedi,episod vii: the forc awaken 2015,,,,,,
IMINE2-E-030,0.235294118,star wars trailer,the forc awaken trailer,star war 7 trailer,,,,,,,,,,,,,,
IMINE2-E-030,0.235294118,star wars characters,star war charact,,,,,,,,,,,,,,,
IMINE2-E-030,0.117647059,star wars games,star war: the old republ,star war the old republ,star war battlefront,,,,,,,,,,,,,
IMINE2-E-030,0.058823529,star wars tv series,star war: clone war 2003 tv seri,,,,,,,,,,,,,,,
IMINE2-E-030,0.058823529,star wars books,star war: x-wing book seri,,,,,,,,,,,,,,,
IMINE2-E-031,0.25,maple trees types,type of mapl tree,mapl tree type,,,,,,,,,,,,,,
IMINE2-E-031,0.15,maple trees species,red mapl tree,,,,,,,,,,,,,,,
IMINE2-E-031,0.15,maple trees pictures,mapl tree pictur,,,,,,,,,,,,,,,
IMINE2-E-031,0.15,maple trees syrup,mapl tree for syrup,,,,,,,,,,,,,,,
IMINE2-E-031,0.1,maple trees facts,fact about mapl tree,,,,,,,,,,,,,,,
IMINE2-E-031,0.1,maple trees japanese,prune japanes mapl tree,,,,,,,,,,,,,,,
IMINE2-E-031,0.05,maple trees cure,mapl tree dy,,,,,,,,,,,,,,,
IMINE2-E-031,0.05,maple trees leaf,mapl tree leaf identif,,,,,,,,,,,,,,,
IMINE2-E-032,0.357142857,iraq war history,iraq war timelin,iraq war histori,iraq war apush,how did the iraq war start,histori of iraq war 2003,,,,,,,,,,,
IMINE2-E-032,0.214285714,iraq war videos,youtub iraq war video,iraq war documentari,,,,,,,,,,,,,,
IMINE2-E-032,0.142857143,iraq war invasion,post-invas iraq,iraq war 2003,battl of baghdad disambigu,,,,,,,,,,,,,
IMINE2-E-032,0.142857143,iraq war pictures,iraq war pictur,,,,,,,,,,,,,,,
IMINE2-E-032,0.071428571,iraq war casualties,iraq war casualti,,,,,,,,,,,,,,,
IMINE2-E-032,0.071428571,iraq war cost,iraq war cost,,,,,,,,,,,,,,,
IMINE2-E-033,0.19047619,santa claus films,the santa claus 3: the escap claus,santa clau conquer the martian,,,,,,,,,,,,,,
IMINE2-E-033,0.19047619,santa claus history,sinterklaa,,,,,,,,,,,,,,,
IMINE2-E-033,0.142857143,santa claus pictures,santa clau pictur,,,,,,,,,,,,,,,
IMINE2-E-033,0.142857143,santa claus village finland,santa clau villag finland,,,,,,,,,,,,,,,
IMINE2-E-033,0.095238095,santa claus father christmas,father christma disambigu,christma gift-bringer,,,,,,,,,,,,,,
IMINE2-E-033,0.095238095,santa claus track,track santa clau right now,,,,,,,,,,,,,,,
IMINE2-E-033,0.047619048,santa claus songs,santa clau is come to town lyric,,,,,,,,,,,,,,,
IMINE2-E-033,0.047619048,santa claus letter,letter to santa,,,,,,,,,,,,,,,
IMINE2-E-033,0.047619048,santa claus indiana,santa clau land,santa clau indiana,,,,,,,,,,,,,,
IMINE2-E-034,0.19047619,digital art gallery,digit art galleri,,,,,,,,,,,,,,,
IMINE2-E-034,0.19047619,digital art websites,free digit art websit,creat digit art onlin,,,,,,,,,,,,,,
IMINE2-E-034,0.142857143,digital art learning,what is digit art,how to creat digit art,digit art and design,,,,,,,,,,,,,
IMINE2-E-034,0.142857143,digital art programs,digit art program,,,,,,,,,,,,,,,
IMINE2-E-034,0.142857143,digital art artwork,free digit art,,,,,,,,,,,,,,,
IMINE2-E-034,0.095238095,digital art artist,digit artist salari,,,,,,,,,,,,,,,
IMINE2-E-034,0.095238095,digital art software,free digit art softwar,,,,,,,,,,,,,,,
IMINE2-E-035,0.263157895,moody blues songs,moodi blue wildest dream,moodi blue song list,moodi blue night in white satin,moodi blue lyric,moodi blue greatest hit,moodi blue go now,moodi blue discographi,,,,,,,,,
IMINE2-E-035,0.210526316,moody blues albums,moodi blue full album,,,,,,,,,,,,,,,
IMINE2-E-035,0.157894737,moody blues youtube,moodi blue youtub playlist,,,,,,,,,,,,,,,
IMINE2-E-035,0.157894737,moody blues members,rai thoma moodi blue di,justin hayward,,,,,,,,,,,,,,
IMINE2-E-035,0.105263158,moody blues cruise,moodi blue cruis,,,,,,,,,,,,,,,
IMINE2-E-035,0.105263158,moody blues tour,moodi blue tour 2015,,,,,,,,,,,,,,,
IMINE2-E-036,0.277777778,uyghur cuisine restaurant,uyghur restaur,uyghur cuisin dandenong,,,,,,,,,,,,,,
IMINE2-E-036,0.222222222,uyghur cuisine food,xinjiang food,uyghur food,,,,,,,,,,,,,,
IMINE2-E-036,0.166666667,uyghur cuisine menu,uighur cuisin menu,,,,,,,,,,,,,,,
IMINE2-E-036,0.166666667,uyghur cuisine region,uighur cuisin sydnei menu,uighur cuisin melbourn,,,,,,,,,,,,,,
IMINE2-E-036,0.111111111,uyghur cuisine recipes,uyghur cuisin recip,,,,,,,,,,,,,,,
IMINE2-E-036,0.055555556,uyghur cuisine spice,xinjiang spice,,,,,,,,,,,,,,,
IMINE2-E-037,0.25,bass guitars brands,yamaha bass guitar,fender bass guitar,,,,,,,,,,,,,,
IMINE2-E-037,0.25,bass guitars sale,cheap bass guitar for sale,bass guitar on sale,bass guitar cheap,,,,,,,,,,,,,
IMINE2-E-037,0.1875,bass guitars mail order,bass guitar ebai,,,,,,,,,,,,,,,
IMINE2-E-037,0.125,bass guitars types,custom bass guitar,bass guitar for metal,,,,,,,,,,,,,,
IMINE2-E-037,0.125,bass guitars learning,learn to plai bass guitar,,,,,,,,,,,,,,,
IMINE2-E-037,0.0625,bass guitars store,bass guitar chicago,,,,,,,,,,,,,,,
IMINE2-E-038,0.3125,poker games,video poker,poker game,poker 94,free texa holdem poker game,free poker game,free poker,,,,,,,,,,
IMINE2-E-038,0.3125,poker play online,yahoo poker,onlin poker,free onlin poker no monei,,,,,,,,,,,,,
IMINE2-E-038,0.125,poker learn rules,poker rule,list of poker hand,,,,,,,,,,,,,,
IMINE2-E-038,0.125,poker texas holdem poker,zynga texa holdem poker,texa holdem poker,,,,,,,,,,,,,,
IMINE2-E-038,0.125,poker website,pokerstar,,,,,,,,,,,,,,,
IMINE2-E-039,0.714285714,swallow bird,swallow pictur,swallow bird,swallow bird,differ swallow bird,,,,,,,,,,,,
IMINE2-E-039,0.285714286,swallow act,the act of swallow,,,,,,,,,,,,,,,
IMINE2-E-040,0.3125,pokemon anime,pok???mon anim ,,,,,,,,,,,,,,,
IMINE2-E-040,0.3125,pokemon games,poptropica,pok??mon trade card game,pokemon tower defens,pokemon rumbl world password,pok??mon game,pokemon game,pokemon color page,plai pokemon game,googl map: pok??mon challengeth ,,,,,,,
IMINE2-E-040,0.25,pokemon pictures,pokemon pictur,,,,,,,,,,,,,,,
IMINE2-E-040,0.125,pokemon cards,pokemon card,,,,,,,,,,,,,,,
IMINE2-E-041,0.357142857,gaba gamma-aminobutyric acid ,too much gaba side effect,gamma-aminobutyr acid,gaba receptor,gaba neurotransmitt,gaba defici symptom,,,,,,,,,,,
IMINE2-E-041,0.285714286,gaba supplement,where to bui gaba supplement,gaba at walgreen,,,,,,,,,,,,,,
IMINE2-E-041,0.214285714,gaba what is gaba,what is gaba,,,,,,,,,,,,,,,
IMINE2-E-041,0.142857143,gaba gabapentin,gabapentin withdraw,gabapentin dosag,gabapentin,,,,,,,,,,,,,
IMINE2-E-042,0.454545455,cat Animal cat,why do cat purr,domest short hair cat,ani member of the felida,10 funniest cat video,10 amaz fact about cat,,,,,,,,,,,
IMINE2-E-042,0.363636364,cat catterpillar,caterpillar equip,,,,,,,,,,,,,,,
IMINE2-E-042,0.090909091,cat cat in the hat,cat in the hat,,,,,,,,,,,,,,,
IMINE2-E-042,0.090909091,cat nickname,nicknam for catherin or katherin given name,,,,,,,,,,,,,,,
IMINE2-E-043,0.555555556,boy names find popular boy names,strong boi name,new babi name 2015,list of boi name,irish boi name,cool boi name,boi name 2015,babi boi name 2015,babi boi name,1000 most popular boi name,,,,,,,
IMINE2-E-043,0.333333333,boy names find uncommon boy names,uniqu uncommon babi boi name,uncommon boi name 2015,,,,,,,,,,,,,,
IMINE2-E-043,0.111111111,boy names boy names that start with *,boi name that start with m,boi name that start with j,boi name that start with c,boi name that start with b,boi name that start with a,,,,,,,,,,,
IMINE2-E-044,0.222222222,powerpoint powerpoint free download,powerpoint free download,microsoft powerpoint 2014 free download,,,,,,,,,,,,,,
IMINE2-E-044,0.166666667,powerpoint powerpoint online,powerpoint onlin free no download,make a powerpoint onlin for free,,,,,,,,,,,,,,
IMINE2-E-044,0.111111111,powerpoint for beginners,powerpoint for beginn,,,,,,,,,,,,,,,
IMINE2-E-044,0.111111111,powerpoint powerpoint templates,powerpoint templat free,,,,,,,,,,,,,,,
IMINE2-E-044,0.111111111,powerpoint powerpoint free,powerpoint free,creat a powerpoint for free,,,,,,,,,,,,,,
IMINE2-E-044,0.111111111,powerpoint powerpoint viewer,powerpoint viewer,,,,,,,,,,,,,,,
IMINE2-E-044,0.111111111,powerpoint powerpoint for mac,powerpoint for mac,,,,,,,,,,,,,,,
IMINE2-E-044,0.055555556,powerpoint powerpoint presentation,powerpoint present,,,,,,,,,,,,,,,
IMINE2-E-045,0.357142857,denmark nation,fact about denmark,denmark time,denmark tax rate,denmark street,denmark state bank,denmark minimum wage,denmark map,denmark languag,denmark flag,denmark currenc,denmark cultur,denmark,danmark island,20 fact about denmark,,
IMINE2-E-045,0.357142857,denmark pictures,denmark pictur,,,,,,,,,,,,,,,
IMINE2-E-045,0.214285714,denmark living in denmark,cost of live in denmark,,,,,,,,,,,,,,,
IMINE2-E-045,0.071428571,denmark moving to denmark,move to denmark,,,,,,,,,,,,,,,
IMINE2-E-046,0.210526316,gardening gardening supplies,garden tool,garden suppli,,,,,,,,,,,,,,
IMINE2-E-046,0.210526316,gardening flower gardening,flower garden,,,,,,,,,,,,,,,
IMINE2-E-046,0.210526316,gardening gardening tips,garden tip for beginn,garden for beginn,,,,,,,,,,,,,,
IMINE2-E-046,0.157894737,gardening ideas,garden zone,,,,,,,,,,,,,,,
IMINE2-E-046,0.157894737,gardening vegetable gardening,veget garden,,,,,,,,,,,,,,,
IMINE2-E-046,0.052631579,gardening container gardening,contain garden idea,,,,,,,,,,,,,,,
IMINE2-E-047,0.416666667,t-test what is t-test,t-test tabl,t-test p valu,t-test definit,t test p valu,step of t-test,pair t-test,on sampl t-test,k-sampl test,,,,,,,,
IMINE2-E-047,0.333333333,t-test computation,t-test in r,t-test calcul,t test chart,t test calcul,on sampl t test calcul,,,,,,,,,,,
IMINE2-E-047,0.25,t-test t test example ,t-test exampl,t test exampl problem,,,,,,,,,,,,,,
IMINE2-E-048,0.416666667,sodium sodium in food,what is sodium in food,food high in sodium,,,,,,,,,,,,,,
IMINE2-E-048,0.333333333,sodium what is sodium,recommend daili sodium intak,,,,,,,,,,,,,,,
IMINE2-E-048,0.25,sodium sodium  compound ,sodium phosphat,sodium hydroxid,sodium carbon,sodium bicarbon,sodium benzoat,,,,,,,,,,,
IMINE2-E-049,0.222222222,spanish recipes spanish recipes pictures,spanish recip with pictur,,,,,,,,,,,,,,,
IMINE2-E-049,0.222222222,spanish recipes easy spanish recipes,spanish recip easi to make,authent easi spanish recip,,,,,,,,,,,,,,
IMINE2-E-049,0.166666667,spanish recipes spanish recipes material,spanish recip with shrimp,spanish recip with chicken,,,,,,,,,,,,,,
IMINE2-E-049,0.166666667, spanish recipes traditional spanish recipes,tradit spanish recip,,,,,,,,,,,,,,,
IMINE2-E-049,0.111111111, spanish recipes authentic spanish recipes,authent spanish recip,,,,,,,,,,,,,,,
IMINE2-E-049,0.055555556,spanish recipes spanish recipes in language,spanish recip in spanish languag,spanish recip in espanol,,,,,,,,,,,,,,
IMINE2-E-049,0.055555556, spanish recipes spanish dessert recipes,spanish recip dessert,,,,,,,,,,,,,,,
IMINE2-E-051,0.3125,recover eyesight recover eyesight naturally,restor vision natur,how to recov eyesight natur yahoo answer,,,,,,,,,,,,,,
IMINE2-E-051,0.25,recover eyesight exercise,exercis to recov eyesight,,,,,,,,,,,,,,,
IMINE2-E-051,0.1875,recover eyesight hot to recover eyesight,wai to recov eyesight,tip to recov eyesight,how to restor your vision,how to recov eyesight,how to make your eyesight better,,,,,,,,,,,
IMINE2-E-051,0.125,recover eyesight foods that restore eyesight,food that restor eyesight,,,,,,,,,,,,,,,
IMINE2-E-051,0.0625,recover eyesight without surgery,restor vision without surgeri,,,,,,,,,,,,,,,
IMINE2-E-051,0.0625,recover eyesight surgery to recover eyesight,surgeri to recov eyesight,,,,,,,,,,,,,,,
IMINE2-E-052,0.3125,obesity prevention obesity prevention ways,obes prevent tip,obes prevent physic activ,how to prevent obes,,,,,,,,,,,,,
IMINE2-E-052,0.25,obesity prevention besity prevention programs,obes prevent program in usa,,,,,,,,,,,,,,,
IMINE2-E-052,0.25,obesity prevention learn about obesity prevention ,obes prevent sourc,obes prevent organ,obes prevent articl,,,,,,,,,,,,,
IMINE2-E-052,0.125,obesity prevention childhood obesity prevention,obes prevent in school,childhood obes prevent program,child obes prevent,,,,,,,,,,,,,
IMINE2-E-052,0.0625,obesity prevention adult obesity prevention,obes prevent program for adult,,,,,,,,,,,,,,,
IMINE2-E-053,0.210526316,hair growth  fast hair growth,how to grow hair quickli,,,,,,,,,,,,,,,
IMINE2-E-053,0.210526316,hair growth hair growth remedies,hair growth remedi,,,,,,,,,,,,,,,
IMINE2-E-053,0.210526316,hair growth hair growth products,top ten hair growth product,hair growth product,hair growth oil,fast hair growth product,castor oil for hair growth,,,,,,,,,,,
IMINE2-E-053,0.105263158,hair growth hair growth vitamins,vitamin for hair growth,biotin hair growth,,,,,,,,,,,,,,
IMINE2-E-053,0.105263158,hair growth hair growth  treatments,hair growth treatment,,,,,,,,,,,,,,,
IMINE2-E-053,0.052631579,hair growth hair growth rate,hair growth rate,,,,,,,,,,,,,,,
IMINE2-E-053,0.052631579,hair growth men hair growth ,hair growth for men,,,,,,,,,,,,,,,
IMINE2-E-053,0.052631579,hair growth  women hair growth,hair growth women,best hair growth product for women,,,,,,,,,,,,,,
IMINE2-E-054,0.357142857,quit smoking quit smoking ways,quit smoke tip,how to quit smoke,,,,,,,,,,,,,,
IMINE2-E-054,0.285714286,quit smoking quit smoking tools,quit smoke pill,quit smoke calcul,quit smoke aid,,,,,,,,,,,,,
IMINE2-E-054,0.214285714, quit smoking  quitting smoking benefits,benefit of quit smoke,,,,,,,,,,,,,,,
IMINE2-E-054,0.142857143,quit smoking free products,free suppli to quit smoke,free stop smoke product,,,,,,,,,,,,,,
IMINE2-E-055,0.25,grow taller exercises,grow taller exercis,,,,,,,,,,,,,,,
IMINE2-E-055,0.25,grow taller how to grow taller,wai to grow taller,how to grow taller pill,how do you grow taller,grow taller forum,,,,,,,,,,,,
IMINE2-E-055,0.15,grow taller grow taller 4 idiots,grow taller 4 idiot scam,grow taller 4 idiot,,,,,,,,,,,,,,
IMINE2-E-055,0.15,grow taller foods,grow taller diet,,,,,,,,,,,,,,,
IMINE2-E-055,0.1,grow taller supplements,grow taller supplement,grow taller pill,,,,,,,,,,,,,,
IMINE2-E-055,0.1,grow taller grow taller naturally,grow taller natur,,,,,,,,,,,,,,,
IMINE2-E-056,0.263157895,sleep better how to sleep better,how to sleep better natur,how to sleep better,,,,,,,,,,,,,,
IMINE2-E-056,0.210526316,sleep better sleep better app,sleep better with runtast,sleep better app faq,,,,,,,,,,,,,,
IMINE2-E-056,0.210526316,better sleep tips,food that help you sleep better,,,,,,,,,,,,,,,
IMINE2-E-056,0.157894737,sleep better sleep better products,sleep better store,sleep better memori foam,sleep better bed,,,,,,,,,,,,,
IMINE2-E-056,0.105263158,sleep better sleepbetter.org,sleepbett.org,sleep better mattress,,,,,,,,,,,,,,
IMINE2-E-056,0.052631579,sleep better sleep better pillows,sleep better pillow by carpent,sleep better pillow,,,,,,,,,,,,,,
IMINE2-E-057,0.357142857,relieve stress how to relieve stress,tip to reliev stress,reliev stress and anxieti,how to reliev stress and anxieti,how to reliev stress,how to medit to reliev stress,fun wai to reliev stress,best wai to reliev stress,,,,,,,,,
IMINE2-E-057,0.214285714,relieve stress foods that relieve stress,food that reliev stress,,,,,,,,,,,,,,,
IMINE2-E-057,0.214285714,relieve stress exercise to relieve stress,exercis to reliev stress,,,,,,,,,,,,,,,
IMINE2-E-057,0.142857143,relieve stress relieve stress staffs,reliev stress quot,reliev stress game,,,,,,,,,,,,,,
IMINE2-E-057,0.071428571,relieve stress body,reliev stress in shoulder,reliev stress headach,,,,,,,,,,,,,,
IMINE2-E-058,0.263157895,how to speak french learn how to speack French,speak french fluentli,learn to speak french,how to speak french for kid,how to speak french,book on how to speak french,,,,,,,,,,,
IMINE2-E-058,0.210526316,speak french speak french tools,speak french translat,speak french app,,,,,,,,,,,,,,
IMINE2-E-058,0.157894737,speak french speak french free,speak french free,,,,,,,,,,,,,,,
IMINE2-E-058,0.105263158,speak french speak french online,speak french with someon onlin,,,,,,,,,,,,,,,
IMINE2-E-058,0.105263158,speak french learn phrases,speak french phrase,,,,,,,,,,,,,,,
IMINE2-E-058,0.105263158,speak french speak french countries ,speak french in montreal,do you speak french in french,,,,,,,,,,,,,,
IMINE2-E-058,0.052631579,speak french speak french pronunciation,speak french pronunci,,,,,,,,,,,,,,,
IMINE2-E-059,0.333333333,ride unicycle video,ride a unicycl youtub,how to ride unicycl youtub,,,,,,,,,,,,,,
IMINE2-E-059,0.333333333,ride unicycle learn how to unicycle,unicycl ride backward,learn to ride unicycl,how to unicycl,easi to ride unicycl,easiest wai to ride unicycl,,,,,,,,,,,
IMINE2-E-059,0.333333333,ride unicycle unicycle riding tips,unicycl ride tip,ride unicycl instruct,,,,,,,,,,,,,,
IMINE2-E-060,0.416666667,run faster how to run faster,how to run faster kid,,,,,,,,,,,,,,,
IMINE2-E-060,0.333333333,run faster exercises to run faster,workout to run faster,train to run faster,,,,,,,,,,,,,,
IMINE2-E-060,0.166666667,run faster run faster staff,run faster supplement,,,,,,,,,,,,,,,
IMINE2-E-060,0.083333333,run faster run faster  5k,run faster 5k,,,,,,,,,,,,,,,
IMINE2-E-061,0.19047619,learn Korean lessons,korean languag lesson,,,,,,,,,,,,,,,
IMINE2-E-061,0.19047619,learn korean free,learn korean onlin free,learn korean free,,,,,,,,,,,,,,
IMINE2-E-061,0.19047619,learn korean online resources,learn korean onlin,learn korean game,,,,,,,,,,,,,,
IMINE2-E-061,0.142857143,learn korean learn how to learn Korean,how to learn korean,,,,,,,,,,,,,,,
IMINE2-E-061,0.095238095,learn korean grammar,learn korean grammar,,,,,,,,,,,,,,,
IMINE2-E-061,0.047619048,learn korean fast,learn korean in 15 minut,,,,,,,,,,,,,,,
IMINE2-E-061,0.047619048,learn Korean basic korean phrases,basic korean phrase,,,,,,,,,,,,,,,
IMINE2-E-061,0.047619048,learn korean phrases,learn korean phrase,,,,,,,,,,,,,,,
IMINE2-E-061,0.047619048,lean korean alphabets,learn korean alphabet,,,,,,,,,,,,,,,
IMINE2-E-062,0.357142857,play piano learn how to play piano,plai piano todai,,,,,,,,,,,,,,,
IMINE2-E-062,0.357142857,play piano online,plai piano onlin us comput keyboard,plai piano on the comput,plai piano in a flash,plai piano free,plai onlin piano keyboard chord,plai free piano keyboard,,,,,,,,,,
IMINE2-E-062,0.142857143,play piano chords,plai piano chord onlin,,,,,,,,,,,,,,,
IMINE2-E-062,0.071428571,play piano by ear,plai piano by ear,,,,,,,,,,,,,,,
IMINE2-E-062,0.071428571,play piano games,plai piano onlin game,plai piano game,free virtual piano game,free piano game,,,,,,,,,,,,
IMINE2-E-063,0.5,become firefighter how,how to becom firefight paramed,how to becom a firefight,,,,,,,,,,,,,,
IMINE2-E-063,0.4,become firefighter education,educ need to becom firefight,,,,,,,,,,,,,,,
IMINE2-E-063,0.1,become firefighter certification,how to becom firefight certifi,,,,,,,,,,,,,,,
IMINE2-E-064,0.384615385,make resume how to,make resum yahoo,how to write resum,how to make resum,,,,,,,,,,,,,
IMINE2-E-064,0.384615385,make resume online for free,make resum onlin free no registr,make resum onlin for free,make resum free printabl,make resum free,creat resum free,,,,,,,,,,,
IMINE2-E-064,0.230769231,make resume free templates,microsoft word resum templat,free microsoft word resum templat,,,,,,,,,,,,,,
IMINE2-E-065,0.277777778,wedding planning,weddingwir,wed plan,wed idea,,,,,,,,,,,,,
IMINE2-E-065,0.166666667,wedding pictures,wed pictur,,,,,,,,,,,,,,,
IMINE2-E-065,0.166666667,wedding dresses,wed dress,,,,,,,,,,,,,,,
IMINE2-E-065,0.111111111,wedding invitations,wed invit,,,,,,,,,,,,,,,
IMINE2-E-065,0.111111111,wedding ceremony,wed ceremoni,,,,,,,,,,,,,,,
IMINE2-E-065,0.111111111,wedding rings,wed ring,,,,,,,,,,,,,,,
IMINE2-E-065,0.055555556,wedding decorations,wed decor,,,,,,,,,,,,,,,
IMINE2-E-066,0.263157895,learn golf lessons,golf lesson,,,,,,,,,,,,,,,
IMINE2-E-066,0.263157895,lean golf basics,learn golf video,how to learn golf basic,how to golf for beginn,how to golf,golf e-book,beginn golf lesson,,,,,,,,,,
IMINE2-E-066,0.157894737,learn golf swing,learn golf swing,,,,,,,,,,,,,,,
IMINE2-E-066,0.157894737,learn golf rules,learn golf rule,,,,,,,,,,,,,,,
IMINE2-E-066,0.105263158,learn golf quickly,learn golf quickli,learn golf fast,,,,,,,,,,,,,,
IMINE2-E-066,0.052631579,learn golf free,learn golf free,,,,,,,,,,,,,,,
IMINE2-E-067,0.333333333,mastering touch typing for free,practic touch type free,,,,,,,,,,,,,,,
IMINE2-E-067,0.266666667,mastering touch typing lessons,type club,touch type club,,,,,,,,,,,,,,
IMINE2-E-067,0.266666667,mastering touch typing test,type test,free touch type test,,,,,,,,,,,,,,
IMINE2-E-067,0.066666667,mastering touch typing games,touch type game,,,,,,,,,,,,,,,
IMINE2-E-067,0.066666667,mastering touch typing for kids,touch type for kid,,,,,,,,,,,,,,,
IMINE2-E-068,0.363636364,debt relief credit card government,us govern debt relief program,govern credit card debt relief,credit card relief,credit card debt relief program,,,,,,,,,,,,
IMINE2-E-068,0.272727273,debt relief services,debt relief servic,,,,,,,,,,,,,,,
IMINE2-E-068,0.272727273,debt relief definition,debt relief definit,,,,,,,,,,,,,,,
IMINE2-E-068,0.090909091,debt relief consolidation loans,debt relief loan,,,,,,,,,,,,,,,
IMINE2-E-069,0.333333333,grow vegetables planning,what veget grow well togeth,easi to grow veget,,,,,,,,,,,,,,
IMINE2-E-069,0.333333333,grow vegetables learn how to,tip to grow veget,how to grow a veget garden,grow veget,,,,,,,,,,,,,
IMINE2-E-069,0.133333333,grow vegetables indoors,grow veget indoor in winter,can you grow veget indoor,,,,,,,,,,,,,,
IMINE2-E-069,0.133333333,grow vegetables season,grow veget year round,,,,,,,,,,,,,,,
IMINE2-E-069,0.066666667,grow vegetables in containers,grow veget in water,grow veget in pot,,,,,,,,,,,,,,
IMINE2-E-070,0.272727273,whale watching season,whale watch season,,,,,,,,,,,,,,,
IMINE2-E-070,0.272727273,whale watching east coast,whale watch in main,whale watch cape mai,whale watch boston,best whale watch in new england,,,,,,,,,,,,
IMINE2-E-070,0.272727273,whale watching california,whale watch southern california,whale watch newport beach,whale watch dana point,whale watch california coast,whale watch california,,,,,,,,,,,
IMINE2-E-070,0.181818182,whale watching best,best whale watch,,,,,,,,,,,,,,,
IMINE2-E-071,0.3125,how to spend christmas locations,how to spend christma in singapor,how to spend christma in new york,,,,,,,,,,,,,,
IMINE2-E-071,0.25,how to spend christmas alone,how to spend christma when you don't have famili,,,,,,,,,,,,,,,
IMINE2-E-071,0.1875,how to spend christmas holiday,how to spend christma holidai,how to spend christma dai,,,,,,,,,,,,,,
IMINE2-E-071,0.125,how to spend christmas with family,how to spend christma with famili,,,,,,,,,,,,,,,
IMINE2-E-071,0.0625,how to spend christmas with boyfriend,how to spend christma with boyfriend,,,,,,,,,,,,,,,
IMINE2-E-071,0.0625,how to spend christmas away from home,how to spend christma awai from home,,,,,,,,,,,,,,,
IMINE2-E-072,0.384615385,home cleaning services,profession home clean servic,home clean servic nyc,home clean servic chicago,home clean servic,home clean center of america,handybook home clean,,,,,,,,,,
IMINE2-E-072,0.307692308,home cleaning tips,hous clean tip,home clean tip,free home clean tip,,,,,,,,,,,,,
IMINE2-E-072,0.230769231,home cleaning products,natur home clean product,,,,,,,,,,,,,,,
IMINE2-E-072,0.076923077,home cleaning price,hous clean servic tip,home clean servic price list,,,,,,,,,,,,,,
IMINE2-E-073,0.25,travel to italy tips,travel to itali tip,,,,,,,,,,,,,,,
IMINE2-E-073,0.15,travel to italy planning,plan a trip to itali,,,,,,,,,,,,,,,
IMINE2-E-073,0.15,travel to italy cost,travel to itali cost,,,,,,,,,,,,,,,
IMINE2-E-073,0.1,travel to italy season,travel to itali in septemb,travel to itali in june,travel to itali in decemb,,,,,,,,,,,,,
IMINE2-E-073,0.1,travel to italy cheap,travel to itali on a budget,cheap travel to itali,,,,,,,,,,,,,,
IMINE2-E-073,0.1,travel to italy packages,itali vacat packag,,,,,,,,,,,,,,,
IMINE2-E-073,0.05,travel to Italy map,map of itali,,,,,,,,,,,,,,,
IMINE2-E-073,0.05,travel to italy visa requirements,travel to itali visa requir,travel to itali requir,,,,,,,,,,,,,,
IMINE2-E-073,0.05,travel to italy best time,best time to visit itali weather wise,,,,,,,,,,,,,,,
IMINE2-E-074,0.222222222,travel hawaii destination,travel hawaii oahu,travel hawaii big island,,,,,,,,,,,,,,
IMINE2-E-074,0.222222222,travel hawaii learning,travel hawaii tip,best time to visit hawaii,,,,,,,,,,,,,,
IMINE2-E-074,0.166666667,travel hawaii packages,travel hawaii packag,,,,,,,,,,,,,,,
IMINE2-E-074,0.166666667,travel hawaii planning,plan a trip to hawaii,,,,,,,,,,,,,,,
IMINE2-E-074,0.111111111,travel hawaii weather,travel hawaii weather,,,,,,,,,,,,,,,
IMINE2-E-074,0.055555556,travel hawaii cheap,travel hawaii cheap,,,,,,,,,,,,,,,
IMINE2-E-074,0.055555556,travel hawaii travel agencies,travel-hawaii.com,nonstop travel hawaii,,,,,,,,,,,,,,
IMINE2-E-076,0.277777778,wallpaper scenery free download,wallpap sceneri free download,wallpap sceneri download,free wallpap sceneri,,,,,,,,,,,,,
IMINE2-E-076,0.277777778,wallpaper scenery desktop,sceneri pictur for desktop,,,,,,,,,,,,,,,
IMINE2-E-076,0.166666667,wallpaper scenery,wallpap sceneri wallpap,,,,,,,,,,,,,,,
IMINE2-E-076,0.111111111,wallpaper scenery hd,wallpap sceneri hd,,,,,,,,,,,,,,,
IMINE2-E-076,0.055555556,wallpaper scenery size,1920x1080 wallpap sceneri,,,,,,,,,,,,,,,
IMINE2-E-076,0.055555556,wallpaper scenery nature,wallpap sceneri natur,,,,,,,,,,,,,,,
IMINE2-E-076,0.055555556,wallpepr scenery for walls,wallpap sceneri for wall,sceneri wallpap for wall,,,,,,,,,,,,,,
IMINE2-E-077,0.333333333,happy birthday graphics free,happi birthdai graphic free,free happi birthdai clip art,,,,,,,,,,,,,,
IMINE2-E-077,0.266666667,happy birthday graphics,happi birthdai pictur,happi birthdai graphic,,,,,,,,,,,,,,
IMINE2-E-077,0.2,happy birthday graphics facebook,happi birthdai graphic for facebook,,,,,,,,,,,,,,,
IMINE2-E-077,0.2,happy birthday graphics animated,happi birthdai anim graphic,,,,,,,,,,,,,,,
IMINE2-E-078,0.25,new year card design template,new year card design templat,,,,,,,,,,,,,,,
IMINE2-E-078,0.25,new year card design free,new year card design free download,free new year card,,,,,,,,,,,,,,
IMINE2-E-078,0.2,new year card design,new year's design,new year card,happi new year card,happi new year card design,,,,,,,,,,,,
IMINE2-E-078,0.1,new year card design personalized,person new year card,,,,,,,,,,,,,,,
IMINE2-E-078,0.05,new year card design year,new year card design 2014,new year card design 2012,,,,,,,,,,,,,,
IMINE2-E-078,0.05,new year card design vector,new year card design vector materi,,,,,,,,,,,,,,,
IMINE2-E-078,0.05,new year card design best,best new year card design,,,,,,,,,,,,,,,
IMINE2-E-078,0.05,new year card design photoshop,new year card design photoshop,,,,,,,,,,,,,,,
IMINE2-E-079,0.384615385,drawings of flowers tutorial,easi draw of flower,draw of flower easi,,,,,,,,,,,,,,
IMINE2-E-079,0.230769231,drawings of flowers pencil,pencil draw of flower,beauti flower pencil draw,,,,,,,,,,,,,,
IMINE2-E-079,0.230769231,drawings of flowers free,free draw of flower,,,,,,,,,,,,,,,
IMINE2-E-079,0.076923077,drawings of flowers to color,draw of flower to color,,,,,,,,,,,,,,,
IMINE2-E-079,0.076923077,drawings of flowers line,line draw of flower,,,,,,,,,,,,,,,
IMINE2-E-080,0.2,michael jackson photo year by year,michael jackson photo from childhood to death,,,,,,,,,,,,,,,
IMINE2-E-080,0.2,michael jackson photo young,young michael jackson photo,michael jackson photo as a child,,,,,,,,,,,,,,
IMINE2-E-080,0.2,michael jackson photo download,michael jackson photo download,,,,,,,,,,,,,,,
IMINE2-E-080,0.2,michael jackson photo gallery,michael jackson photoshoot,michael jackson photographi,michael jackson photo galleri,,,,,,,,,,,,,
IMINE2-E-080,0.133333333,michael jackson photo book,michael jackson photo book,,,,,,,,,,,,,,,
IMINE2-E-080,0.066666667,michael jackson photo autopsy,michael jackson photo dead,celebr autopsi photo michael jackson,,,,,,,,,,,,,,
IMINE2-E-081,0.357142857,world news news site,yahoo world new,world new now abc,world new bbc,time of malta new,king world new,fox world new,cnn world new,bbc world new,,,,,,,,
IMINE2-E-081,0.285714286,world news breaking news,shock new around the world,break new around world,,,,,,,,,,,,,,
IMINE2-E-081,0.285714286,world news timely,world new tonight,world new daili,,,,,,,,,,,,,,
IMINE2-E-081,0.071428571,world news newspapers,world newspap,,,,,,,,,,,,,,,
IMINE2-E-082,0.357142857,TPP progress negotiation,tpp negoti progress,,,,,,,,,,,,,,,
IMINE2-E-082,0.285714286,TPP progress agreement,tran pacif partnership pact,,,,,,,,,,,,,,,
IMINE2-E-082,0.214285714,TPP progress history,histori of tran pacif partnership,,,,,,,,,,,,,,,
IMINE2-E-082,0.071428571,TPP progress document,tpp progress doc,,,,,,,,,,,,,,,
IMINE2-E-082,0.071428571,TPP progress country,japan us tpp,,,,,,,,,,,,,,,
IMINE2-E-083,0.357142857,mlb scores news site,yahoo mlb score,mlb score yahoo,mlb score cb,,,,,,,,,,,,,
IMINE2-E-083,0.214285714,mlb scores timely,mlb score yesterdai,mlb score from yesterdai,,,,,,,,,,,,,,
IMINE2-E-083,0.214285714,mlb scores standings,mlb stand,mlb score stand,mlb score and stand,mlb rank 2015,,,,,,,,,,,,
IMINE2-E-083,0.142857143,mlb scores team,yanke score,mlb score dodger,,,,,,,,,,,,,,
IMINE2-E-083,0.071428571,mlb scores broadcasting,mlb gamecast,,,,,,,,,,,,,,,
IMINE2-E-084,0.2,apple latest news products,upcom appl product 2015,,,,,,,,,,,,,,,
IMINE2-E-084,0.2,apple latest news news sites,appl latest new cnet,,,,,,,,,,,,,,,
IMINE2-E-084,0.15,apple latest news rumors,appl latest new and rumor,,,,,,,,,,,,,,,
IMINE2-E-084,0.15,apple latest news iphone,iphon latest new,,,,,,,,,,,,,,,
IMINE2-E-084,0.1,apple latest news ipad,appl latest new ipad,,,,,,,,,,,,,,,
IMINE2-E-084,0.1,apple latest news yearly,what's new for appl in 2015,,,,,,,,,,,,,,,
IMINE2-E-084,0.05,apple latest news update,appl latest new updat,,,,,,,,,,,,,,,
IMINE2-E-084,0.05,apple latest news apple watch,latest appl watch new,,,,,,,,,,,,,,,
IMINE2-E-085,0.357142857,obama update timely,obama updat todai,,,,,,,,,,,,,,,
IMINE2-E-085,0.285714286,obama update Barack Obama,presid obama updat,,,,,,,,,,,,,,,
IMINE2-E-085,0.071428571,obama update emergency unemployment compensation,obama updat on 2014 euc,,,,,,,,,,,,,,,
IMINE2-E-085,0.071428571,obama update Michelle Obama ,michel obama updat,,,,,,,,,,,,,,,
IMINE2-E-085,0.071428571,obama update Michelle Malkin,michellemalkin obama updat,,,,,,,,,,,,,,,
IMINE2-E-085,0.071428571,obama uodate impeachment,impeach of barack obama updat,,,,,,,,,,,,,,,
IMINE2-E-085,0.071428571,obama update executive order,obama updat execut order,,,,,,,,,,,,,,,
IMINE2-E-086,0.285714286,what is GPU gpu vs. cpu,what is gpu and cpu,,,,,,,,,,,,,,,
IMINE2-E-086,0.214285714,what is GPU computer,what is gpu in comput,,,,,,,,,,,,,,,
IMINE2-E-086,0.142857143,what is GPU graphics card,what is gpu graphic card,,,,,,,,,,,,,,,
IMINE2-E-086,0.142857143,what is GPU clock,what is gpu clock speed,,,,,,,,,,,,,,,
IMINE2-E-086,0.071428571,what is GPU gpu process,what is gpu process,,,,,,,,,,,,,,,
IMINE2-E-086,0.071428571,what is GPU gpu accelaration,what is gpu render,,,,,,,,,,,,,,,
IMINE2-E-086,0.071428571,what is GPU gpu performance,what is gpu perform,,,,,,,,,,,,,,,
IMINE2-E-087,0.235294118,bluetooth definition,what is bluetooth,,,,,,,,,,,,,,,
IMINE2-E-087,0.235294118,bluetooth install software,instal bluetooth on window 7,download free bluetooth softwar,bluetooth softwar,bluetooth download,,,,,,,,,,,,
IMINE2-E-087,0.176470588,bluetooth pc equipments,bluetooth mous,,,,,,,,,,,,,,,
IMINE2-E-087,0.176470588,bluetooth how to turn on,turn on bluetooth window 7,turn bluetooth on window 8.1,,,,,,,,,,,,,,
IMINE2-E-087,0.117647059,bluetooth sound devices,bluetooth speaker,bluetooth headphon,,,,,,,,,,,,,,
IMINE2-E-087,0.058823529,bluetooth transmission,bluetooth transmitt,bluetooth rang,,,,,,,,,,,,,,
IMINE2-E-088,0.363636364,Construction point the name of company,seven point construct,infin construct point comfort,all point construct,,,,,,,,,,,,,
IMINE2-E-088,0.363636364,construction point analysis organization,sso construct point,construct point mcgraw hill,construct point for salesforc,construct point login,,,,,,,,,,,,
IMINE2-E-088,0.181818182,Construction point  pointing on construction,construct point definit,,,,,,,,,,,,,,,
IMINE2-E-088,0.090909091,Construction point coastal areas,coastal point construct,,,,,,,,,,,,,,,
IMINE2-E-089,0.294117647,analogy definition examples,exampl analog,analog exampl for kid,analog definit sentenc,analog definit exampl,analog definit and exampl,10 exampl of analog sentenc,,,,,,,,,,
IMINE2-E-089,0.235294118,analogy definition dictionary,analog definit dictionari,,,,,,,,,,,,,,,
IMINE2-E-089,0.176470588,analogy definition metaphor,metaphor vs analog definit,metaphor definit,,,,,,,,,,,,,,
IMINE2-E-089,0.058823529,analogy definition extended definition  ,extend analog definit,,,,,,,,,,,,,,,
IMINE2-E-089,0.058823529,analogy definition language,analog definit in spanish,,,,,,,,,,,,,,,
IMINE2-E-089,0.058823529,analogy definition biology,analog definit scienc,,,,,,,,,,,,,,,
IMINE2-E-089,0.058823529,analogy definition plain explanation ,analog definit for middl school,analog definit for dummi,,,,,,,,,,,,,,
IMINE2-E-089,0.058823529,analogy definition literature,analog definit literatur,,,,,,,,,,,,,,,
IMINE2-E-090,0.208333333,parkinson's disease treatment,parkinson's diseas treatment,parkinson&#39,,,,,,,,,,,,,,
IMINE2-E-090,0.208333333,parkinson's disease symptoms,parkinson's diseas symptom,,,,,,,,,,,,,,,
IMINE2-E-090,0.166666667,parkinson's disease definition,what is parkinson's diseas and the symptom,,,,,,,,,,,,,,,
IMINE2-E-090,0.166666667,parkinson's disease early signs ,10 earli sign of parkinson's,,,,,,,,,,,,,,,
IMINE2-E-090,0.083333333,parkinson's disease cause,parkinson&#39,,,,,,,,,,,,,,,
IMINE2-E-090,0.041666667,parkinson's disease statistics,parkinson&#39,,,,,,,,,,,,,,,
IMINE2-E-090,0.041666667,parkinson's disease stages,parkinson&#39,,,,,,,,,,,,,,,
IMINE2-E-090,0.041666667,parkinson's disease picture,pictur parkinson's diseas,,,,,,,,,,,,,,,
IMINE2-E-090,0.041666667,parkinson's disease foundation,parkinson&#39,,,,,,,,,,,,,,,
IMINE2-E-091,0.384615385,single lens reflex recommendation digital cameras,digit singl-len reflex camera,digit singl-len reflex,,,,,,,,,,,,,,
IMINE2-E-091,0.307692308,single lens reflex recommendation cameras,slr singl len reflex,singl-len reflex (slr) camera,singl len reflex camera,,,,,,,,,,,,,
IMINE2-E-091,0.230769231,single lens reflex recommendation brand,singl-len reflex camera canon,,,,,,,,,,,,,,,
IMINE2-E-091,0.076923077,single lens reflex recommendationdiagram,singl-len reflex camera diagram,,,,,,,,,,,,,,,
IMINE2-E-092,0.625,Why white chocolate white ingredients,white chocol ingredi,,,,,,,,,,,,,,,
IMINE2-E-092,0.25,Why white chocolate white recipes,white chocol recip,,,,,,,,,,,,,,,
IMINE2-E-092,0.125,Why white chocolate white online shopping,bui white chocol onlin,,,,,,,,,,,,,,,
IMINE2-E-093,0.235294118,Do bananas have seeds yahoo,do banana have seed yahoo,,,,,,,,,,,,,,,
IMINE2-E-093,0.176470588,Do bananas have seeds why,why do banana have seed,,,,,,,,,,,,,,,
IMINE2-E-093,0.176470588,Do bananas have seeds inside,doe banana have seed in them,do banana have seed in them,,,,,,,,,,,,,,
IMINE2-E-093,0.176470588,Do bananas have seeds picture,what do banana seed look like,do banana have seed pictur,,,,,,,,,,,,,,
IMINE2-E-093,0.117647059,Do bananas have seeds how to plant,how do you plant banana,,,,,,,,,,,,,,,
IMINE2-E-093,0.058823529,Do bananas have seeds fruit,do banana have seed fruit,,,,,,,,,,,,,,,
IMINE2-E-093,0.058823529,Do bananas have seeds other furuits,do pineappl have seed,do all fruit have seed,,,,,,,,,,,,,,
IMINE2-E-094,0.363636364,difference between college and university country,differ between colleg and univers in usa,differ between colleg and univers in uk,differ between colleg and univers in canada,,,,,,,,,,,,,
IMINE2-E-094,0.363636364,difference between college and university definition,univers vs colleg definit,,,,,,,,,,,,,,,
IMINE2-E-094,0.181818182,difference between college and university website,differ between colleg and univers yahoo,,,,,,,,,,,,,,,
IMINE2-E-094,0.090909091, difference between college and university degrees,differ between colleg and univers degre,,,,,,,,,,,,,,,
IMINE2-E-095,0.3125,how to fix a broken zipper separated zipper,how to reconnect a zipper,how to fix a detach zipper,,,,,,,,,,,,,,
IMINE2-E-095,0.1875,how to fix a broken zipper zipper on something,how to fix a suitcas zipper,how to fix a broken zipper on pant,how to fix a broken zipper on backpack,how to fix a broken zipper on a tent,how to fix a broken zipper on a boot,how to fix a broken zipper on a bag,,,,,,,,,,
IMINE2-E-095,0.125,how to fix a broken zipper pull tab,how to fix a broken zipper slider,how to fix a broken zipper pull,,,,,,,,,,,,,,
IMINE2-E-095,0.125,how to fix a broken zipper how to get back on track,how to put zipper back on track,how to fix a broken zipper when on track is off,,,,,,,,,,,,,,
IMINE2-E-095,0.0625,how to fix a broken zipper repair kit,zipper repair kit walmart,,,,,,,,,,,,,,,
IMINE2-E-095,0.0625,how to fix a broken zipper zipper teeth,how to fix a broken zipper teeth,,,,,,,,,,,,,,,
IMINE2-E-095,0.0625,how to fix a broken zipper splited open,how to fix zipper that split open,,,,,,,,,,,,,,,
IMINE2-E-095,0.0625,how to fix a broken zipper stuck zipper,how to fix a stuck zipper,,,,,,,,,,,,,,,
IMINE2-E-096,0.384615385,cheap laptops sale,discount laptop,,,,,,,,,,,,,,,
IMINE2-E-096,0.153846154,cheap laptops under 200dollars,walmart laptop under 200,cheap laptop for sale under 200,brand new laptop under 200,$200 laptop for sale,,,,,,,,,,,,
IMINE2-E-096,0.153846154,cheap laptops very cheap,veri cheap laptop,,,,,,,,,,,,,,,
IMINE2-E-096,0.076923077,cheap laptops  for students,cheap laptop for student,,,,,,,,,,,,,,,
IMINE2-E-096,0.076923077,cheap laptops under 100 dollars,good laptop under 100 dollar,cheap laptop under 100,cheap laptop for sale under 100,,,,,,,,,,,,,
IMINE2-E-096,0.076923077,cheap laptops under 50dollars,cheap laptop under 50,,,,,,,,,,,,,,,
IMINE2-E-096,0.076923077,cheap laptops  walmart,cheap laptop at walmart,,,,,,,,,,,,,,,
IMINE2-E-097,0.263157895,iPhone case iphone6,iphon case 6,iphon 6 phone case,,,,,,,,,,,,,,
IMINE2-E-097,0.210526316,iPhone case brands,sonix iphon case,loui vuitton iphon case,iphon case brand,,,,,,,,,,,,,
IMINE2-E-097,0.210526316,iPhone case iphone5,iphon case for iphon 5,iphon case 5c,,,,,,,,,,,,,,
IMINE2-E-097,0.105263158,iPhone case designer,iphon case collect,,,,,,,,,,,,,,,
IMINE2-E-097,0.105263158,iPhone case best,best iphon case,,,,,,,,,,,,,,,
IMINE2-E-097,0.052631579,iPhone case waterproof,waterproof iphon case,lifeproof case for iphon 5s,,,,,,,,,,,,,,
IMINE2-E-097,0.052631579,iPhone case review,iphon case review,,,,,,,,,,,,,,,
IMINE2-E-098,0.384615385,discount plasma tv for sale,plasma tv for sale,plasma tv for sale cheap,discount plasma tv for sale,cheap plasma tv for sale,,,,,,,,,,,,
IMINE2-E-098,0.307692308,discount plasma tv cheap,cheapest plasma tv,cheap discount plasma tv,,,,,,,,,,,,,,
IMINE2-E-098,0.076923077,discount plasma tv areas,discount plasma tv melbourn,cheapest plasma tv in india,cheap plasma tv melbourn,,,,,,,,,,,,,
IMINE2-E-098,0.076923077,discount plasma tv 50inches,50 plasma tv cheap,,,,,,,,,,,,,,,
IMINE2-E-098,0.076923077,discount plasma tv refurbished,refurbish plasma tv,,,,,,,,,,,,,,,
IMINE2-E-098,0.076923077,discount plasma tv maker,cheap samsung plasma tv,,,,,,,,,,,,,,,
IMINE2-E-099,0.19047619,mothers day gifts uinque,uniqu mother's dai gift,creativ mother's dai gift idea,,,,,,,,,,,,,,
IMINE2-E-099,0.19047619,mothers day gifts ideas,mother's dai 2015 gift idea,,,,,,,,,,,,,,,
IMINE2-E-099,0.142857143,mothers day gifts shopping site,mother's dai gift maci's,,,,,,,,,,,,,,,
IMINE2-E-099,0.095238095,mothers day gifts food,mother's dai gift tea,mother's dai fruit gift,,,,,,,,,,,,,,
IMINE2-E-099,0.095238095,mothers day gifts homemade,uniqu dii mother's dai gift,homemad mother's dai gift,dii mother's dai gift,,,,,,,,,,,,,
IMINE2-E-099,0.095238095,mothers day gifts inexpensive,inexpens mother's dai gift,,,,,,,,,,,,,,,
IMINE2-E-099,0.047619048,mothers day gifts how to make,mother's dai gift to make,,,,,,,,,,,,,,,
IMINE2-E-099,0.047619048,mothers day gifts for wife,mother&#39,,,,,,,,,,,,,,,
IMINE2-E-099,0.047619048,mothers day gifts pinterest,mother&#39,,,,,,,,,,,,,,,
IMINE2-E-099,0.047619048,mothers day gifts from kids,mother&#39,,,,,,,,,,,,,,,
IMINE2-E-100,0.238095238,ps3 online shoppinig games,ps3 game onlin shop,,,,,,,,,,,,,,,
IMINE2-E-100,0.19047619,ps3 online shoppinig console,ps3 consol onlin shop,,,,,,,,,,,,,,,
IMINE2-E-100,0.142857143,ps3 online shoppinig online id,ps3 onlin account,,,,,,,,,,,,,,,
IMINE2-E-100,0.142857143,ps3 online shoppinig country,ps3 onlin shop usa,ps3 onlin shop australia,ps3 game onlin shop india,,,,,,,,,,,,,
IMINE2-E-100,0.095238095,ps3 online shoppinig manual,ps3 onlin manual,,,,,,,,,,,,,,,
IMINE2-E-100,0.095238095,ps3 online shoppinig controller,ps3 control onlin shop,,,,,,,,,,,,,,,
IMINE2-E-100,0.047619048,ps3 online shoppinig free,is ps3 onlin free,,,,,,,,,,,,,,,
IMINE2-E-100,0.047619048,ps3 online shoppinig sony,soni ps3 onlin shop,,,,,,,,,,,,,,,
